metrica,julho_2025,julho_2026
01. RASK,0.01221558244742848,0.013700885360539657
02. Yield,0.20923031610269002,0.22452480245630857
03. Buscas,150142.0,159700.0
04. Grupos Realizados,7774.0,11205.0
05. Pax Total,20101.0,27432.0
06. ASK,190018995.0,251555598.0
07. RPK,10786558.0,14903665.0
08. Load Factor,0.05676568282028857,0.059246008113085204
09. Ticket Médio,112.27674941545196,121.98317439486732
10. GMV,2321192.7,3446534.409999999
